	CancerType	KNN	SVC	RF	LR	Cons	Details
UCEC12	UCEC	APB	APB	APB	APB	APB	APB:4
UCEC05	UCEC	POL	POL	POL	POL	POL	POL:4
UCEC10	UCEC	POL	POL	POL	POL	POL	POL:4
UCEC13	UCEC	POL	POL	POL	POL	POL	POL:4
UCEC26	UCEC	POL	POL	POL	POL	POL	POL:4
UCEC33	UCEC	POL	POL	POL	POL	POL	POL:4
UCEC41	UCEC	POL	POL	POL	POL	POL	POL:4
UCEC43	UCEC	POL	POL	POL	POL	POL	POL:4
UCEC54	UCEC	POL	POL	POL	POL	POL	POL:4
UCEC58	UCEC	POL	POL	POL	POL	POL	POL:4
UCEC60	UCEC	POL	POL	POL	POL	POL	POL:4
UCEC69	UCEC	POL	POL	POL	POL	POL	POL:4
UCEC08	UCEC	MRD	MRD	MRD	MRD	MRD	MRD:4
UCEC11	UCEC	MRD	MRD	MRD	MRD	MRD	MRD:4
UCEC15	UCEC	MRD	MRD	MRD	MRD	MRD	MRD:4
UCEC19	UCEC	MRD	MRD	MRD	MRD	MRD	MRD:4
UCEC21	UCEC	MRD	MRD	MRD	MRD	MRD	MRD:4
UCEC22	UCEC	MRD	MRD	MRD	MRD	MRD	MRD:4
UCEC23	UCEC	MRD	MRD	MRD	MRD	MRD	MRD:4
UCEC28	UCEC	MRD	MRD	MRD	MRD	MRD	MRD:4
UCEC30	UCEC	MRD	MRD	MRD	MRD	MRD	MRD:4
UCEC35	UCEC	MRD	MRD	MRD	MRD	MRD	MRD:4
UCEC50	UCEC	MRD	MRD	MRD	MRD	MRD	MRD:4
UCEC59	UCEC	MRD	MRD	MRD	MRD	MRD	MRD:4
UCEC61	UCEC	MRD	MRD	MRD	MRD	MRD	MRD:4
UCEC66	UCEC	MRD	MRD	MRD	MRD	MRD	MRD:4
UCEC67	UCEC	MRD	MRD	MRD	MRD	MRD	MRD:4
UCEC38	UCEC	HRD	HRD	HRD	HRD	HRD	HRD:4
UCEC47	UCEC	HRD	HRD	HRD	HRD	HRD	HRD:4
UCEC68	UCEC	AGE	HRD	HRD	HRD	HRD	HRD:3,AGE:1
UCEC07	UCEC	GNS	GNS	GNS	GNS	GNS	GNS:4
UCEC01	UCEC	AGE	AGE	AGE	AGE	AGE	AGE:4
UCEC02	UCEC	AGE	AGE	AGE	AGE	AGE	AGE:4
UCEC03	UCEC	AGE	AGE	AGE	AGE	AGE	AGE:4
UCEC04	UCEC	AGE	AGE	AGE	AGE	AGE	AGE:4
UCEC06	UCEC	AGE	AGE	AGE	AGE	AGE	AGE:4
UCEC09	UCEC	AGE	AGE	AGE	AGE	AGE	AGE:4
UCEC14	UCEC	AGE	AGE	AGE	AGE	AGE	AGE:4
UCEC16	UCEC	AGE	AGE	AGE	AGE	AGE	AGE:4
UCEC17	UCEC	AGE	AGE	AGE	AGE	AGE	AGE:4
UCEC18	UCEC	AGE	AGE	AGE	AGE	AGE	AGE:4
UCEC20	UCEC	AGE	AGE	AGE	AGE	AGE	AGE:4
UCEC24	UCEC	AGE	AGE	AGE	AGE	AGE	AGE:4
UCEC25	UCEC	AGE	AGE	AGE	AGE	AGE	AGE:4
UCEC27	UCEC	AGE	AGE	AGE	AGE	AGE	AGE:4
UCEC29	UCEC	AGE	AGE	AGE	AGE	AGE	AGE:4
UCEC31	UCEC	AGE	AGE	AGE	AGE	AGE	AGE:4
UCEC32	UCEC	AGE	AGE	AGE	AGE	AGE	AGE:4
UCEC34	UCEC	AGE	AGE	AGE	AGE	AGE	AGE:4
UCEC36	UCEC	AGE	AGE	AGE	AGE	AGE	AGE:4
UCEC37	UCEC	AGE	AGE	AGE	AGE	AGE	AGE:4
UCEC39	UCEC	AGE	AGE	AGE	AGE	AGE	AGE:4
UCEC40	UCEC	AGE	AGE	AGE	AGE	AGE	AGE:4
UCEC42	UCEC	AGE	AGE	AGE	AGE	AGE	AGE:4
UCEC44	UCEC	AGE	AGE	AGE	AGE	AGE	AGE:4
UCEC45	UCEC	AGE	AGE	AGE	AGE	AGE	AGE:4
UCEC46	UCEC	AGE	AGE	AGE	AGE	AGE	AGE:4
UCEC48	UCEC	AGE	AGE	AGE	AGE	AGE	AGE:4
UCEC49	UCEC	AGE	AGE	AGE	AGE	AGE	AGE:4
UCEC51	UCEC	AGE	AGE	AGE	AGE	AGE	AGE:4
UCEC52	UCEC	AGE	AGE	AGE	AGE	AGE	AGE:4
UCEC53	UCEC	AGE	AGE	AGE	AGE	AGE	AGE:4
UCEC55	UCEC	AGE	AGE	AGE	AGE	AGE	AGE:4
UCEC56	UCEC	AGE	AGE	AGE	AGE	AGE	AGE:4
UCEC62	UCEC	AGE	AGE	AGE	AGE	AGE	AGE:4
UCEC63	UCEC	AGE	AGE	AGE	AGE	AGE	AGE:4
UCEC64	UCEC	AGE	AGE	AGE	AGE	AGE	AGE:4
UCEC65	UCEC	AGE	AGE	AGE	AGE	AGE	AGE:4
UCEC57	UCEC	GNS	AGE	GNS	AGE	UND	GNS:2,AGE:2
BRCA04	BRCA	APB	APB	APB	APB	APB	APB:4
BRCA13	BRCA	APB	APB	APB	APB	APB	APB:4
BRCA17	BRCA	APB	APB	APB	APB	APB	APB:4
BRCA25	BRCA	APB	APB	APB	APB	APB	APB:4
BRCA28	BRCA	APB	APB	APB	APB	APB	APB:4
BRCA34	BRCA	APB	APB	APB	APB	APB	APB:4
BRCA37	BRCA	APB	APB	APB	APB	APB	APB:4
BRCA41	BRCA	APB	APB	APB	APB	APB	APB:4
BRCA50	BRCA	APB	APB	APB	APB	APB	APB:4
BRCA56	BRCA	APB	APB	APB	APB	APB	APB:4
BRCA62	BRCA	APB	APB	APB	APB	APB	APB:4
BRCA54	BRCA	APB	APB	AGE	APB	APB	APB:3,AGE:1
BRCA14	BRCA	HRD	HRD	HRD	HRD	HRD	HRD:4
BRCA15	BRCA	HRD	HRD	HRD	HRD	HRD	HRD:4
BRCA16	BRCA	HRD	HRD	HRD	HRD	HRD	HRD:4
BRCA24	BRCA	HRD	HRD	HRD	HRD	HRD	HRD:4
BRCA26	BRCA	HRD	HRD	HRD	HRD	HRD	HRD:4
BRCA29	BRCA	HRD	HRD	HRD	HRD	HRD	HRD:4
BRCA35	BRCA	HRD	HRD	HRD	HRD	HRD	HRD:4
BRCA40	BRCA	HRD	HRD	HRD	HRD	HRD	HRD:4
BRCA47	BRCA	HRD	HRD	HRD	HRD	HRD	HRD:4
BRCA52	BRCA	HRD	HRD	HRD	HRD	HRD	HRD:4
BRCA63	BRCA	HRD	HRD	HRD	HRD	HRD	HRD:4
BRCA08	BRCA	HRD	HRD	APB	HRD	HRD	HRD:3,APB:1
BRCA65	BRCA	HRD	HRD	HRD	AGE	HRD	HRD:3,AGE:1
BRCA43	BRCA	HRD	HRD	GNS	HRD	HRD	HRD:3,GNS:1
BRCA18	BRCA	HRD	HRD	AGE	HRD	HRD	HRD:3,AGE:1
BRCA59	BRCA	GNS	HRD	HRD	HRD	HRD	HRD:3,GNS:1
BRCA38	BRCA	AGE	HRD	HRD	HRD	HRD	HRD:3,AGE:1
BRCA57	BRCA	AGE	HRD	HRD	HRD	HRD	HRD:3,AGE:1
BRCA02	BRCA	GNS	GNS	GNS	GNS	GNS	GNS:4
BRCA23	BRCA	GNS	GNS	AGE	GNS	GNS	GNS:3,AGE:1
BRCA03	BRCA	AGE	AGE	AGE	AGE	AGE	AGE:4
BRCA05	BRCA	AGE	AGE	AGE	AGE	AGE	AGE:4
BRCA06	BRCA	AGE	AGE	AGE	AGE	AGE	AGE:4
BRCA07	BRCA	AGE	AGE	AGE	AGE	AGE	AGE:4
BRCA09	BRCA	AGE	AGE	AGE	AGE	AGE	AGE:4
BRCA10	BRCA	AGE	AGE	AGE	AGE	AGE	AGE:4
BRCA11	BRCA	AGE	AGE	AGE	AGE	AGE	AGE:4
BRCA12	BRCA	AGE	AGE	AGE	AGE	AGE	AGE:4
BRCA19	BRCA	AGE	AGE	AGE	AGE	AGE	AGE:4
BRCA20	BRCA	AGE	AGE	AGE	AGE	AGE	AGE:4
BRCA21	BRCA	AGE	AGE	AGE	AGE	AGE	AGE:4
BRCA22	BRCA	AGE	AGE	AGE	AGE	AGE	AGE:4
BRCA27	BRCA	AGE	AGE	AGE	AGE	AGE	AGE:4
BRCA30	BRCA	AGE	AGE	AGE	AGE	AGE	AGE:4
BRCA31	BRCA	AGE	AGE	AGE	AGE	AGE	AGE:4
BRCA33	BRCA	AGE	AGE	AGE	AGE	AGE	AGE:4
BRCA36	BRCA	AGE	AGE	AGE	AGE	AGE	AGE:4
BRCA39	BRCA	AGE	AGE	AGE	AGE	AGE	AGE:4
BRCA42	BRCA	AGE	AGE	AGE	AGE	AGE	AGE:4
BRCA44	BRCA	AGE	AGE	AGE	AGE	AGE	AGE:4
BRCA45	BRCA	AGE	AGE	AGE	AGE	AGE	AGE:4
BRCA46	BRCA	AGE	AGE	AGE	AGE	AGE	AGE:4
BRCA48	BRCA	AGE	AGE	AGE	AGE	AGE	AGE:4
BRCA51	BRCA	AGE	AGE	AGE	AGE	AGE	AGE:4
BRCA53	BRCA	AGE	AGE	AGE	AGE	AGE	AGE:4
BRCA55	BRCA	AGE	AGE	AGE	AGE	AGE	AGE:4
BRCA58	BRCA	AGE	AGE	AGE	AGE	AGE	AGE:4
BRCA61	BRCA	AGE	AGE	AGE	AGE	AGE	AGE:4
BRCA64	BRCA	HRD	AGE	AGE	AGE	AGE	AGE:3,HRD:1
BRCA60	BRCA	GNS	AGE	AGE	AGE	AGE	AGE:3,GNS:1
BRCA01	BRCA	HRD	AGE	HRD	AGE	UND	HRD:2,AGE:2
BRCA32	BRCA	AGE	SMK	HRD	HRD	UND	HRD:2,AGE:1,SMK:1
C49	CRC	POL	POL	POL	POL	POL	POL:4
C15	CRC	MRD	MRD	AGE	MRD	MRD	MRD:3,AGE:1
C53	CRC	AGE	MRD	MRD	MRD	MRD	MRD:3,AGE:1
C04	CRC	HRD	HRD	HRD	HRD	HRD	HRD:4
C14	CRC	HRD	HRD	HRD	HRD	HRD	HRD:4
C20	CRC	HRD	HRD	HRD	HRD	HRD	HRD:4
C22	CRC	HRD	HRD	HRD	HRD	HRD	HRD:4
C44	CRC	HRD	HRD	HRD	HRD	HRD	HRD:4
C56	CRC	HRD	HRD	HRD	HRD	HRD	HRD:4
C61	CRC	HRD	HRD	HRD	HRD	HRD	HRD:4
C67	CRC	HRD	HRD	HRD	HRD	HRD	HRD:4
C68	CRC	HRD	HRD	HRD	HRD	HRD	HRD:4
C80	CRC	HRD	HRD	HRD	HRD	HRD	HRD:4
C02	CRC	HRD	HRD	HRD	AGE	HRD	HRD:3,AGE:1
C05	CRC	HRD	HRD	HRD	AGE	HRD	HRD:3,AGE:1
C71	CRC	HRD	HRD	AGE	HRD	HRD	HRD:3,AGE:1
C12	CRC	AGE	HRD	HRD	HRD	HRD	HRD:3,AGE:1
C29	CRC	AGE	HRD	HRD	HRD	HRD	HRD:3,AGE:1
C01	CRC	AGE	AGE	AGE	AGE	AGE	AGE:4
C03	CRC	AGE	AGE	AGE	AGE	AGE	AGE:4
C06	CRC	AGE	AGE	AGE	AGE	AGE	AGE:4
C08	CRC	AGE	AGE	AGE	AGE	AGE	AGE:4
C09	CRC	AGE	AGE	AGE	AGE	AGE	AGE:4
C10	CRC	AGE	AGE	AGE	AGE	AGE	AGE:4
C11	CRC	AGE	AGE	AGE	AGE	AGE	AGE:4
C16	CRC	AGE	AGE	AGE	AGE	AGE	AGE:4
C17	CRC	AGE	AGE	AGE	AGE	AGE	AGE:4
C19	CRC	AGE	AGE	AGE	AGE	AGE	AGE:4
C21	CRC	AGE	AGE	AGE	AGE	AGE	AGE:4
C23	CRC	AGE	AGE	AGE	AGE	AGE	AGE:4
C24	CRC	AGE	AGE	AGE	AGE	AGE	AGE:4
C25	CRC	AGE	AGE	AGE	AGE	AGE	AGE:4
C27	CRC	AGE	AGE	AGE	AGE	AGE	AGE:4
C28	CRC	AGE	AGE	AGE	AGE	AGE	AGE:4
C30	CRC	AGE	AGE	AGE	AGE	AGE	AGE:4
C31	CRC	AGE	AGE	AGE	AGE	AGE	AGE:4
C32	CRC	AGE	AGE	AGE	AGE	AGE	AGE:4
C33	CRC	AGE	AGE	AGE	AGE	AGE	AGE:4
C34	CRC	AGE	AGE	AGE	AGE	AGE	AGE:4
C36	CRC	AGE	AGE	AGE	AGE	AGE	AGE:4
C37	CRC	AGE	AGE	AGE	AGE	AGE	AGE:4
C38	CRC	AGE	AGE	AGE	AGE	AGE	AGE:4
C40	CRC	AGE	AGE	AGE	AGE	AGE	AGE:4
C41	CRC	AGE	AGE	AGE	AGE	AGE	AGE:4
C43	CRC	AGE	AGE	AGE	AGE	AGE	AGE:4
C45	CRC	AGE	AGE	AGE	AGE	AGE	AGE:4
C46	CRC	AGE	AGE	AGE	AGE	AGE	AGE:4
C47	CRC	AGE	AGE	AGE	AGE	AGE	AGE:4
C50	CRC	AGE	AGE	AGE	AGE	AGE	AGE:4
C51	CRC	AGE	AGE	AGE	AGE	AGE	AGE:4
C52	CRC	AGE	AGE	AGE	AGE	AGE	AGE:4
C57	CRC	AGE	AGE	AGE	AGE	AGE	AGE:4
C58	CRC	AGE	AGE	AGE	AGE	AGE	AGE:4
C59	CRC	AGE	AGE	AGE	AGE	AGE	AGE:4
C60	CRC	AGE	AGE	AGE	AGE	AGE	AGE:4
C63	CRC	AGE	AGE	AGE	AGE	AGE	AGE:4
C64	CRC	AGE	AGE	AGE	AGE	AGE	AGE:4
C65	CRC	AGE	AGE	AGE	AGE	AGE	AGE:4
C66	CRC	AGE	AGE	AGE	AGE	AGE	AGE:4
C70	CRC	AGE	AGE	AGE	AGE	AGE	AGE:4
C72	CRC	AGE	AGE	AGE	AGE	AGE	AGE:4
C74	CRC	AGE	AGE	AGE	AGE	AGE	AGE:4
C75	CRC	AGE	AGE	AGE	AGE	AGE	AGE:4
C76	CRC	AGE	AGE	AGE	AGE	AGE	AGE:4
C78	CRC	AGE	AGE	AGE	AGE	AGE	AGE:4
C81	CRC	AGE	AGE	AGE	AGE	AGE	AGE:4
C82	CRC	AGE	AGE	AGE	AGE	AGE	AGE:4
C83	CRC	AGE	AGE	AGE	AGE	AGE	AGE:4
C86	CRC	AGE	AGE	AGE	AGE	AGE	AGE:4
C87	CRC	AGE	AGE	AGE	AGE	AGE	AGE:4
C88	CRC	AGE	AGE	AGE	AGE	AGE	AGE:4
C89	CRC	AGE	AGE	AGE	AGE	AGE	AGE:4
C90	CRC	AGE	AGE	AGE	AGE	AGE	AGE:4
C84	CRC	MRD	AGE	AGE	AGE	AGE	AGE:3,MRD:1
C79	CRC	HRD	AGE	AGE	AGE	AGE	AGE:3,HRD:1
C54	CRC	AGE	AGE	MRD	AGE	AGE	AGE:3,MRD:1
C42	CRC	AGE	AGE	HRD	AGE	AGE	AGE:3,HRD:1
C73	CRC	AGE	AGE	HRD	AGE	AGE	AGE:3,HRD:1
C07	CRC	AGE	AGE	AGE	MRD	AGE	AGE:3,MRD:1
C13	CRC	AGE	AGE	AGE	MRD	AGE	AGE:3,MRD:1
C35	CRC	AGE	AGE	AGE	MRD	AGE	AGE:3,MRD:1
C62	CRC	AGE	AGE	AGE	MRD	AGE	AGE:3,MRD:1
C69	CRC	AGE	APB	AGE	APB	UND	AGE:2,APB:2
GA026	OV	APB	APB	APB	APB	APB	APB:4
GA001	OV	HRD	HRD	HRD	HRD	HRD	HRD:4
GA002	OV	HRD	HRD	HRD	HRD	HRD	HRD:4
GA003	OV	HRD	HRD	HRD	HRD	HRD	HRD:4
GA004	OV	HRD	HRD	HRD	HRD	HRD	HRD:4
GA006	OV	HRD	HRD	HRD	HRD	HRD	HRD:4
GA007	OV	HRD	HRD	HRD	HRD	HRD	HRD:4
GA008	OV	HRD	HRD	HRD	HRD	HRD	HRD:4
GA010	OV	HRD	HRD	HRD	HRD	HRD	HRD:4
GA011	OV	HRD	HRD	HRD	HRD	HRD	HRD:4
GA013	OV	HRD	HRD	HRD	HRD	HRD	HRD:4
GA014	OV	HRD	HRD	HRD	HRD	HRD	HRD:4
GA015	OV	HRD	HRD	HRD	HRD	HRD	HRD:4
GA016	OV	HRD	HRD	HRD	HRD	HRD	HRD:4
GA019	OV	HRD	HRD	HRD	HRD	HRD	HRD:4
GA020	OV	HRD	HRD	HRD	HRD	HRD	HRD:4
GA021	OV	HRD	HRD	HRD	HRD	HRD	HRD:4
GA022	OV	HRD	HRD	HRD	HRD	HRD	HRD:4
GA023	OV	HRD	HRD	HRD	HRD	HRD	HRD:4
GA024	OV	HRD	HRD	HRD	HRD	HRD	HRD:4
GA025	OV	HRD	HRD	HRD	HRD	HRD	HRD:4
GA027	OV	HRD	HRD	HRD	HRD	HRD	HRD:4
GA028	OV	HRD	HRD	HRD	HRD	HRD	HRD:4
GA029	OV	HRD	HRD	HRD	HRD	HRD	HRD:4
GA030	OV	HRD	HRD	HRD	HRD	HRD	HRD:4
GA031	OV	HRD	HRD	HRD	HRD	HRD	HRD:4
GA032	OV	HRD	HRD	HRD	HRD	HRD	HRD:4
GA033	OV	HRD	HRD	HRD	HRD	HRD	HRD:4
GA035	OV	HRD	HRD	HRD	HRD	HRD	HRD:4
GA037	OV	HRD	HRD	HRD	HRD	HRD	HRD:4
GA039	OV	HRD	HRD	HRD	HRD	HRD	HRD:4
GA041	OV	HRD	HRD	HRD	HRD	HRD	HRD:4
GA042	OV	HRD	HRD	HRD	HRD	HRD	HRD:4
GA043	OV	HRD	HRD	HRD	HRD	HRD	HRD:4
GA044	OV	HRD	HRD	HRD	HRD	HRD	HRD:4
GA045	OV	HRD	HRD	HRD	HRD	HRD	HRD:4
GA046	OV	HRD	HRD	HRD	HRD	HRD	HRD:4
GA047	OV	HRD	HRD	HRD	HRD	HRD	HRD:4
GA048	OV	HRD	HRD	HRD	HRD	HRD	HRD:4
GA049	OV	HRD	HRD	HRD	HRD	HRD	HRD:4
GA050	OV	HRD	HRD	HRD	HRD	HRD	HRD:4
GA051	OV	HRD	HRD	HRD	HRD	HRD	HRD:4
GA054	OV	HRD	HRD	HRD	HRD	HRD	HRD:4
GA055	OV	HRD	HRD	HRD	HRD	HRD	HRD:4
GA057	OV	HRD	HRD	HRD	HRD	HRD	HRD:4
GA060	OV	HRD	HRD	HRD	HRD	HRD	HRD:4
GA061	OV	HRD	HRD	HRD	HRD	HRD	HRD:4
GA062	OV	HRD	HRD	HRD	HRD	HRD	HRD:4
GA063	OV	HRD	HRD	HRD	HRD	HRD	HRD:4
GA064	OV	HRD	HRD	HRD	HRD	HRD	HRD:4
GA005	OV	HRD	HRD	SMK	HRD	HRD	HRD:3,SMK:1
GA065	OV	HRD	HRD	SMK	HRD	HRD	HRD:3,SMK:1
GA034	OV	HRD	HRD	AGE	HRD	HRD	HRD:3,AGE:1
GA018	OV	GNS	HRD	HRD	HRD	HRD	HRD:3,GNS:1
GA017	OV	AGE	HRD	HRD	HRD	HRD	HRD:3,AGE:1
GA052	OV	AGE	HRD	HRD	HRD	HRD	HRD:3,AGE:1
GA036	OV	GNS	GNS	GNS	GNS	GNS	GNS:4
GA012	OV	AGE	AGE	AGE	AGE	AGE	AGE:4
GA038	OV	AGE	AGE	AGE	AGE	AGE	AGE:4
GA040	OV	AGE	AGE	AGE	AGE	AGE	AGE:4
GA059	OV	AGE	AGE	AGE	AGE	AGE	AGE:4
GA009	OV	AGE	SMK	SMK	HRD	UND	SMK:2,AGE:1,HRD:1
LUAD01	LUAD	SMK	SMK	SMK	SMK	SMK	SMK:4
LUAD02	LUAD	SMK	SMK	SMK	SMK	SMK	SMK:4
LUAD05	LUAD	SMK	SMK	SMK	SMK	SMK	SMK:4
LUAD07	LUAD	SMK	SMK	SMK	SMK	SMK	SMK:4
LUAD11	LUAD	SMK	SMK	SMK	SMK	SMK	SMK:4
LUAD14	LUAD	SMK	SMK	SMK	SMK	SMK	SMK:4
LUAD15	LUAD	SMK	SMK	SMK	SMK	SMK	SMK:4
LUAD16	LUAD	SMK	SMK	SMK	SMK	SMK	SMK:4
LUAD17	LUAD	SMK	SMK	SMK	SMK	SMK	SMK:4
LUAD18	LUAD	SMK	SMK	SMK	SMK	SMK	SMK:4
LUAD27	LUAD	SMK	SMK	SMK	SMK	SMK	SMK:4
LUAD33	LUAD	SMK	SMK	SMK	SMK	SMK	SMK:4
LUAD34	LUAD	SMK	SMK	SMK	SMK	SMK	SMK:4
LUAD38	LUAD	SMK	SMK	SMK	SMK	SMK	SMK:4
LUAD26	LUAD	AGE	SMK	SMK	SMK	SMK	SMK:3,AGE:1
LUAD29	LUAD	AGE	SMK	SMK	SMK	SMK	SMK:3,AGE:1
LUAD42	LUAD	AGE	SMK	SMK	SMK	SMK	SMK:3,AGE:1
LUAD12	LUAD	APB	APB	APB	APB	APB	APB:4
LUAD28	LUAD	APB	APB	APB	APB	APB	APB:4
LUAD30	LUAD	APB	APB	APB	APB	APB	APB:4
LUAD40	LUAD	APB	APB	APB	APB	APB	APB:4
LUAD09	LUAD	HRD	HRD	HRD	HRD	HRD	HRD:4
LUAD21	LUAD	HRD	HRD	HRD	HRD	HRD	HRD:4
LUAD22	LUAD	HRD	HRD	HRD	HRD	HRD	HRD:4
LUAD24	LUAD	HRD	HRD	HRD	HRD	HRD	HRD:4
LUAD04	LUAD	HRD	HRD	SMK	HRD	HRD	HRD:3,SMK:1
LUAD03	LUAD	HRD	HRD	HRD	AGE	HRD	HRD:3,AGE:1
LUAD25	LUAD	HRD	HRD	AGE	HRD	HRD	HRD:3,AGE:1
LUAD31	LUAD	HRD	HRD	AGE	HRD	HRD	HRD:3,AGE:1
LUAD10	LUAD	GNS	GNS	GNS	GNS	GNS	GNS:4
LUAD20	LUAD	GNS	GNS	GNS	GNS	GNS	GNS:4
LUAD37	LUAD	GNS	GNS	GNS	GNS	GNS	GNS:4
LUAD41	LUAD	GNS	GNS	GNS	GNS	GNS	GNS:4
LUAD06	LUAD	AGE	AGE	AGE	AGE	AGE	AGE:4
LUAD08	LUAD	AGE	AGE	AGE	AGE	AGE	AGE:4
LUAD23	LUAD	AGE	AGE	AGE	AGE	AGE	AGE:4
LUAD35	LUAD	AGE	AGE	AGE	AGE	AGE	AGE:4
LUAD39	LUAD	AGE	AGE	AGE	AGE	AGE	AGE:4
LUAD43	LUAD	AGE	AGE	AGE	AGE	AGE	AGE:4
LUAD19	LUAD	HRD	AGE	AGE	AGE	AGE	AGE:3,HRD:1
LUAD32	LUAD	AGE	AGE	HRD	AGE	AGE	AGE:3,HRD:1
LUAD36	LUAD	APB	AGE	APB	AGE	UND	APB:2,AGE:2
LUAD13	LUAD	HRD	AGE	HRD	AGE	UND	HRD:2,AGE:2
GC32	STAD	SMK	SMK	SMK	HRD	SMK	SMK:3,HRD:1
GC48	STAD	HRD	SMK	SMK	SMK	SMK	SMK:3,HRD:1
GC57	STAD	HRD	SMK	SMK	SMK	SMK	SMK:3,HRD:1
GC39	STAD	APB	APB	APB	APB	APB	APB:4
GCMK269	STAD	APB	APB	APB	APB	APB	APB:4
GC24	STAD	APB	APB	APB	HRD	APB	APB:3,HRD:1
GC04	STAD	MRD	MRD	MRD	MRD	MRD	MRD:4
GC10	STAD	MRD	MRD	MRD	MRD	MRD	MRD:4
GC53	STAD	MRD	MRD	MRD	MRD	MRD	MRD:4
GC62	STAD	MRD	MRD	MRD	MRD	MRD	MRD:4
GCMK004	STAD	MRD	MRD	MRD	MRD	MRD	MRD:4
GCMK086	STAD	MRD	MRD	MRD	MRD	MRD	MRD:4
GCMK153	STAD	MRD	MRD	MRD	MRD	MRD	MRD:4
GCMK248	STAD	MRD	MRD	MRD	MRD	MRD	MRD:4
GCMK278	STAD	MRD	MRD	MRD	MRD	MRD	MRD:4
GC03	STAD	HRD	HRD	HRD	HRD	HRD	HRD:4
GC14	STAD	HRD	HRD	HRD	HRD	HRD	HRD:4
GC15	STAD	HRD	HRD	HRD	HRD	HRD	HRD:4
GC42	STAD	HRD	HRD	HRD	HRD	HRD	HRD:4
GC49	STAD	HRD	HRD	HRD	HRD	HRD	HRD:4
GC58	STAD	HRD	HRD	HRD	HRD	HRD	HRD:4
GCMK181	STAD	HRD	HRD	HRD	HRD	HRD	HRD:4
GCMK244	STAD	HRD	HRD	HRD	HRD	HRD	HRD:4
GC43	STAD	HRD	HRD	SMK	HRD	HRD	HRD:3,SMK:1
GC21	STAD	HRD	HRD	APB	HRD	HRD	HRD:3,APB:1
GC30	STAD	HRD	HRD	APB	HRD	HRD	HRD:3,APB:1
GC45	STAD	HRD	HRD	APB	HRD	HRD	HRD:3,APB:1
GC56	STAD	HRD	AGE	HRD	HRD	HRD	HRD:3,AGE:1
GC31	STAD	AGE	HRD	HRD	HRD	HRD	HRD:3,AGE:1
GCMK112	STAD	AGE	HRD	HRD	HRD	HRD	HRD:3,AGE:1
GC06	STAD	AGE	AGE	AGE	AGE	AGE	AGE:4
GC07	STAD	AGE	AGE	AGE	AGE	AGE	AGE:4
GC13	STAD	AGE	AGE	AGE	AGE	AGE	AGE:4
GC18	STAD	AGE	AGE	AGE	AGE	AGE	AGE:4
GC20	STAD	AGE	AGE	AGE	AGE	AGE	AGE:4
GC25	STAD	AGE	AGE	AGE	AGE	AGE	AGE:4
GC26	STAD	AGE	AGE	AGE	AGE	AGE	AGE:4
GC27	STAD	AGE	AGE	AGE	AGE	AGE	AGE:4
GC37	STAD	AGE	AGE	AGE	AGE	AGE	AGE:4
GC40	STAD	AGE	AGE	AGE	AGE	AGE	AGE:4
GC41	STAD	AGE	AGE	AGE	AGE	AGE	AGE:4
GC46	STAD	AGE	AGE	AGE	AGE	AGE	AGE:4
GC71	STAD	AGE	AGE	AGE	AGE	AGE	AGE:4
GCMK109	STAD	AGE	AGE	AGE	AGE	AGE	AGE:4
GCMK110	STAD	AGE	AGE	AGE	AGE	AGE	AGE:4
GCMK178	STAD	AGE	AGE	AGE	AGE	AGE	AGE:4
GCMK206	STAD	AGE	AGE	AGE	AGE	AGE	AGE:4
GCMK241	STAD	AGE	AGE	AGE	AGE	AGE	AGE:4
GC55	STAD	HRD	AGE	AGE	AGE	AGE	AGE:3,HRD:1
GC11	STAD	AGE	AGE	MRD	AGE	AGE	AGE:3,MRD:1
GCMK013	STAD	AGE	AGE	MRD	AGE	AGE	AGE:3,MRD:1
GC69	STAD	AGE	AGE	AGE	MRD	AGE	AGE:3,MRD:1
GC16	STAD	AGE	AGE	AGE	HRD	AGE	AGE:3,HRD:1
GC29	STAD	HRD	AGE	HRD	AGE	UND	HRD:2,AGE:2
GC50	STAD	AGE	HRD	AGE	HRD	UND	AGE:2,HRD:2
GC33	STAD	AGE	AGE	HRD	HRD	UND	AGE:2,HRD:2
TNBC11	TNBC	APB	APB	APB	APB	APB	APB:4
TNBC13	TNBC	APB	APB	APB	APB	APB	APB:4
TNBC19	TNBC	APB	APB	APB	APB	APB	APB:4
TNBC35	TNBC	APB	APB	APB	HRD	APB	APB:3,HRD:1
TNBC25	TNBC	APB	APB	HRD	APB	APB	APB:3,HRD:1
TNBC01	TNBC	HRD	HRD	HRD	HRD	HRD	HRD:4
TNBC05	TNBC	HRD	HRD	HRD	HRD	HRD	HRD:4
TNBC08	TNBC	HRD	HRD	HRD	HRD	HRD	HRD:4
TNBC12	TNBC	HRD	HRD	HRD	HRD	HRD	HRD:4
TNBC14	TNBC	HRD	HRD	HRD	HRD	HRD	HRD:4
TNBC16	TNBC	HRD	HRD	HRD	HRD	HRD	HRD:4
TNBC18	TNBC	HRD	HRD	HRD	HRD	HRD	HRD:4
TNBC20	TNBC	HRD	HRD	HRD	HRD	HRD	HRD:4
TNBC24	TNBC	HRD	HRD	HRD	HRD	HRD	HRD:4
TNBC27	TNBC	HRD	HRD	HRD	HRD	HRD	HRD:4
TNBC28	TNBC	HRD	HRD	HRD	HRD	HRD	HRD:4
TNBC29	TNBC	HRD	HRD	HRD	HRD	HRD	HRD:4
TNBC30	TNBC	HRD	HRD	HRD	HRD	HRD	HRD:4
TNBC31	TNBC	HRD	HRD	HRD	HRD	HRD	HRD:4
TNBC32	TNBC	HRD	HRD	HRD	HRD	HRD	HRD:4
TNBC36	TNBC	HRD	HRD	HRD	HRD	HRD	HRD:4
TNBC21	TNBC	SMK	HRD	HRD	HRD	HRD	HRD:3,SMK:1
TNBC22	TNBC	SMK	HRD	HRD	HRD	HRD	HRD:3,SMK:1
TNBC02	TNBC	HRD	HRD	SMK	HRD	HRD	HRD:3,SMK:1
TNBC34	TNBC	HRD	HRD	SMK	HRD	HRD	HRD:3,SMK:1
TNBC04	TNBC	HRD	HRD	HRD	SMK	HRD	HRD:3,SMK:1
TNBC23	TNBC	AGE	HRD	HRD	HRD	HRD	HRD:3,AGE:1
TNBC06	TNBC	GNS	GNS	GNS	GNS	GNS	GNS:4
TNBC09	TNBC	GNS	GNS	GNS	GNS	GNS	GNS:4
TNBC10	TNBC	GNS	GNS	GNS	GNS	GNS	GNS:4
TNBC33	TNBC	GNS	GNS	GNS	GNS	GNS	GNS:4
TNBC07	TNBC	GNS	GNS	HRD	GNS	GNS	GNS:3,HRD:1
TNBC03	TNBC	AGE	AGE	AGE	AGE	AGE	AGE:4
TNBC15	TNBC	AGE	AGE	AGE	AGE	AGE	AGE:4
TNBC17	TNBC	AGE	AGE	AGE	AGE	AGE	AGE:4
TNBC26	TNBC	AGE	AGE	AGE	AGE	AGE	AGE:4
